Brewery,matches
Žatecký Pivovar,Žatecký Pivovar
Abbey Brewing Co. (Monastery Of Christ In The Desert),Abbey Brewing Co.
Aktienbrauerei Kaufbeuren AG,Aktien-Brauerei Kaufbeuren AG
Alltech's Lexington Brewing and Distilling Co.,Alltech’s Lexington Brewing and Distilling Co.
Asia Pacific Breweries Limited,Asia Pacific Breweries Ltd.
Atwater Brewery,Atwater Block Brewery
Augustiner-Bräu,Augustiner Bräu Kloster Mülln OHG
"Bayern Brewing, Inc. / Edelweiss Bistro","Bayern Brewing, Inc."
Boston Beer Works - Canal Street,Beer Works
BFM (Brasserie des Franches-Montagnes),BFM Brasserie Des Franches-Montagnes
Bières de Chimay,Bières de Chimay S.A.
Big Woods Brewing Co. / Quaff On! Brewing Company,Big Woods Brewing Co.
Brasserie Artisanale De Rulles SPRL,Brasserie Artisanale De Rullés SPRL
Brasserie des Gabariers (L&L Cognac SA),Brasserie Des Gabariers (L&L Cognac SA)
Brasserie Dieu du Ciel!,Brasserie Dieu Du Ciel
Brasseur De Montréal,Brasseurs De Montréal
Brauerei Früh am Dom,Brauerei Früh Am Dom
Brauerei Gebrüder Maisel,Brauerei Gebrüder Maisel GmbH & Co.
Brauerei Ladenburger,Brauerei Ladenburger GmbH
Brouwerij Bockor N.V. / Brouwerij Omer Vander Ghinste,Brouwerij Bockor N.V.
Brouwerij 3 Fonteinen,Brouwerij Drie Fonteinen
Roman N.V.,Brouwerij Roman N.V.
Huisbrouwerij De Halve Maan,Brouwerij Straffe Hendrik / Huisbrouwerij De Halve Maan
Brouwerij Nacional Balashi,Browerij Nacional Balashi
Central Waters Brewing Co.,Central Waters Brewing Company
Cerveceria Mexicana S.A. De C.V.,Cervecera Mexicana S.A. De C.V.
Cervecería Nacional Dominicana,Cerveceria Nacional Dominicana
Cervecería Vegana S.A.,"Cerveceria Vegana, S.A."
COOP Ale Works,Coop Ale Works
Coors Brewing Company (Molson-Coors),Coors Brewing Company
Dogfish Head Craft Brewery,Dogfish Head Brewery
Dust Bowl Brewing Company - Downtown Taproom,Dust Bowl Brewing Company
Einstök Ölgerð (Einstök Beer Company),Einstök Ölgerð
Empire Brewing Company - Brewpub,Empire Brewing Company
Fat Head's Brewery & Saloon,Fat Heads Brewery & Saloon
Finch Beer Co.,Finch's Beer Co.
Flensburger Brauerei,Flensburger Brauerei GmbH Und Co. KG
Foothills Brewing Company - Downtown Brewpub,Foothills Brewing Company
Four Peaks Brewing Company - 8th Street Brewery,Four Peaks Brewing Company
French Broad River Brewing,French Broad Brewing Co.
Friesisches Brauhaus zu Jever,Friesisches Brauhaus zu Jever GmbH & Co KG
George Bateman & Son / Batemans Brewery,George Bateman and Son Ltd. / Batemans Brewery
Great Lakes Brewing Co.,Great Lakes Brewing Company
Hair Of The Dog Brewing Company / Brewery And Tasting Room,Hair of the Dog Brewing Company / Brewery and Tasting Room
Harpoon Brewery & Beer Hall,Harpoon Brewery
Hops & Grain Brewing,Hops & Grain
Jester King Brewery,Jester King Craft Brewery
Lager Heads Smokehouse & Brewing Co.,Lagerheads Smokehouse & Brewing Co.
Lonerider Brewing Company,Lonerider Brewing
The Lord Nelson Brewery Hotel,Lord Nelson Brewery Hotel
Mahr's Bräu,Mahrs-Bräu
Marston's Plc.,Marston's PLC
Matt Brewing Company / Saranac Brewery,Matt Brewing Company
Mike Hess Brewing - Miramar,Mike Hess Brewing
Narrow Gauge Brewing Company,Narrow Gauge Brewing Co.
Nebraska Brewing Company Production Brewery & Tap Room,Nebraska Brewing Company
New Belgium Brewing Company,New Belgium Brewing
Oettinger Brauerei GmbH,Oettinger Brauerei
O'so Brewing Company & Tap House,O'so Brewing Company
Otter Creek Brewing,Otter Creek Brewing / Wolaver's
Paulaner Brauerei,Paulaner Brauerei GmbH & Co. KG
Picobrouwerij Alvinne,Picobrouwerij Alvinne / Den Bierzolder
Piney River Brewing Co.,Piney River Brewing Company
Pivovar Herold Březnice A.s.,Pivovar Herold B&#345;eznice A.s.
Pivovarský dům,Pivovarský D&#367;m
Privatbrauerei Eichbaum,Privatbrauerei Eichbaum GmbH & Co. KG
Rinkuškiai,Rinkuškiai Alaus Darykloje
Sawdust City Brewing Co.,Sawdust City Brewing Company
Scuttlebutt Brewing Company - Restaurant and Pub,Scuttlebutt Brewing Company
Shipyard Brewing Company,Shipyard Brewing Co.
The St. George Brewing Company,"St. George Brewing Company, The"
Stone Brewing,Stone Brewing Co.
Sudwerk Brewing Company,Sudwerk
Swamp Head Brewery,Swamp Head Brewery & Tasting Room
Nils Oscar,the Nils Oscar Company
3 Floyds Brewing Co.,Three Floyds Brewing Co. & Brewpub
Traquair House Brewery,Traquair House Brewery Lld
U Fleků Pivovar a Restaurace,U Fleků Pivovaru a Restauraci
UAB Švyturys - Utenos alus,UAB Švyturys
Uerige Obergärige Hausbrauerei,Uerige Obergärige Hausbrauerei GmbH / Zum Uerige
Unicer União Cervejeira S.A.,UNICER União Cervejeira S.A.
Upslope Brewing Company - Lee Hill,Upslope Brewing Company
Urban Chestnut Brewing Company - Midtown Brewery & Biergarten,Urban Chestnut Brewing Company
Victory Brewing Company - Downingtown,Victory Brewing Company
Volfas Engelman,Vofas-Engelman
Water Street Brewing Co.,Water Street Brewing & Ale House
Yuengling Brewery,Yuengling Brewery 
